{
  "sensitivity": {
    "baseline__M-OP": {
      "RTD": 2.178322334662748,
      "MC_AC": 0.4553885208203774,
      "RMSE_M": 8.076775806146845
    },
    "baseline__M-FU": {
      "RTD": 1.9642432681544766,
      "MC_AC": 0.4967216752831254,
      "RMSE_M": 44.216247684982264
    },
    "sigma_low__M-OP": {
      "RTD": 2.178322334662748,
      "MC_AC": 0.4553885208203774,
      "RMSE_M": 8.07623629086451
    },
    "sigma_low__M-FU": {
      "RTD": 1.9642432681544766,
      "MC_AC": 0.4967216752831254,
      "RMSE_M": 44.21749967119422
    },
    "sigma_high__M-OP": {
      "RTD": 2.178322334662748,
      "MC_AC": 0.4553885208203774,
      "RMSE_M": 8.077500194472126
    },
    "sigma_high__M-FU": {
      "RTD": 1.9642432681544766,
      "MC_AC": 0.4967216752831254,
      "RMSE_M": 44.214676063165584
    },
    "beta_low__M-OP": {
      "RTD": 2.7857304150026163,
      "MC_AC": 0.3553885208203773,
      "RMSE_M": 12.098139305946841
    },
    "beta_low__M-FU": {
      "RTD": 2.444826176090405,
      "MC_AC": 0.3967216752831255,
      "RMSE_M": 38.52810910887056
    },
    "beta_high__M-OP": {
      "RTD": 1.7884971815182575,
      "MC_AC": 0.5553885208203774,
      "RMSE_M": 8.167953569731784
    },
    "beta_high__M-FU": {
      "RTD": 1.6416298365915651,
      "MC_AC": 0.5967216752831254,
      "RMSE_M": 51.36435242565774
    },
    "no_trend__M-OP": {
      "RTD": 2.178322334662748,
      "MC_AC": 0.4553885208203774,
      "RMSE_M": 8.09390258186281
    },
    "no_trend__M-FU": {
      "RTD": 1.9642432681544766,
      "MC_AC": 0.4967216752831254,
      "RMSE_M": 44.23312008520601
    }
  },
  "ols": {
    "coches-km imp.__M-OP": {
      "beta1": -0.02345834761935639,
      "beta2": 0.9982802270862243,
      "RTD": -42.62874846201279
    },
    "coches-km imp.__M-FU": {
      "beta1": -1.0740411714571754,
      "beta2": 1.903836188735149,
      "RTD": -0.9310630044500788
    },
    "pax imp.__M-OP": {
      "beta1": 0.9999999999999994,
      "beta2": 2.0618392411270946e-15,
      "RTD": 1.0000000000000007
    },
    "pax imp.__M-FU": {
      "beta1": 0.9999999999999999,
      "beta2": 1.2775633836606723e-15,
      "RTD": 1.0000000000000002
    }
  },
  "aggregated_T3": {
    "M-OP": {
      "beta1": 0.007700851434502366,
      "beta2": -1.1848516938192548,
      "RTD": 129.85577095016646,
      "cond": 30.473264670129243
    },
    "M-FU": {
      "beta1": -3.1925101941475207,
      "beta2": -25.146915027257098,
      "RTD": -0.3132331423195423,
      "cond": 30.473264670129243
    }
  },
  "monoproduct": {
    "M-OP": {
      "RTD": 1.3820031830067272,
      "MC_AC": 0.7175742737647093
    },
    "M-FU": {
      "RTD": 1.3820031830067272,
      "MC_AC": 0.6997633583604563
    }
  },
  "excl2025": {
    "M-OP": {
      "delta_sL_pp": 0.18891253973347677,
      "delta_sE_pp": 0.21173049011329534,
      "delta_RTD": -0.000982041247761689
    },
    "M-FU": {
      "delta_sL_pp": -0.5475975670740652,
      "delta_sE_pp": 0.08776098369016674,
      "delta_RTD": -0.000802841269853527
    }
  },
  "validation": {
    "M-OP": {
      "MAE_pct": 14.132347942237226,
      "max_err_pct": 34.14152513374009,
      "p95_err_pct": 33.128921557561085,
      "pass_5pct": false
    },
    "M-FU": {
      "MAE_pct": 52.8504517912367,
      "max_err_pct": 94.89157365426125,
      "p95_err_pct": 82.99542033796354,
      "pass_5pct": false
    }
  }
}