model,MAE_pct,max_err_pct,p95_err_pct,pass_5pct
M-OP,14.132347942237226,34.14152513374009,33.128921557561085,False
M-FU,52.8504517912367,94.89157365426125,82.99542033796354,False
